袛械薪褜,小芯褋褌芯褟薪懈械_ID,小芯褋褌芯褟薪懈械
1,1,携褋薪芯
2,3,袩邪褋屑褍褉薪芯
3,3,袩邪褋屑褍褉薪芯
4,1,携褋薪芯
5,1,携褋薪芯
6,1,携褋薪芯
7,1,携褋薪芯
8,2,袨斜谢邪褔薪芯
9,2,袨斜谢邪褔薪芯
10,2,袨斜谢邪褔薪芯
11,3,袩邪褋屑褍褉薪芯
12,3,袩邪褋屑褍褉薪芯
13,3,袩邪褋屑褍褉薪芯
14,2,袨斜谢邪褔薪芯
15,1,携褋薪芯
16,3,袩邪褋屑褍褉薪芯
17,1,携褋薪芯
18,1,携褋薪芯
19,3,袩邪褋屑褍褉薪芯
20,2,袨斜谢邪褔薪芯
21,3,袩邪褋屑褍褉薪芯
22,1,携褋薪芯
23,2,袨斜谢邪褔薪芯
24,3,袩邪褋屑褍褉薪芯
25,1,携褋薪芯
26,2,袨斜谢邪褔薪芯
27,3,袩邪褋屑褍褉薪芯
28,1,携褋薪芯
29,3,袩邪褋屑褍褉薪芯
30,3,袩邪褋屑褍褉薪芯
31,1,携褋薪芯
32,3,袩邪褋屑褍褉薪芯
33,1,携褋薪芯
34,3,袩邪褋屑褍褉薪芯
35,3,袩邪褋屑褍褉薪芯
36,2,袨斜谢邪褔薪芯
37,1,携褋薪芯
38,3,袩邪褋屑褍褉薪芯
39,2,袨斜谢邪褔薪芯
40,3,袩邪褋屑褍褉薪芯
41,2,袨斜谢邪褔薪芯
42,3,袩邪褋屑褍褉薪芯
43,3,袩邪褋屑褍褉薪芯
44,3,袩邪褋屑褍褉薪芯
45,1,携褋薪芯
46,2,袨斜谢邪褔薪芯
47,2,袨斜谢邪褔薪芯
48,2,袨斜谢邪褔薪芯
49,1,携褋薪芯
50,3,袩邪褋屑褍褉薪芯
51,2,袨斜谢邪褔薪芯
52,2,袨斜谢邪褔薪芯
53,3,袩邪褋屑褍褉薪芯
54,2,袨斜谢邪褔薪芯
55,2,袨斜谢邪褔薪芯
56,1,携褋薪芯
57,3,袩邪褋屑褍褉薪芯
58,3,袩邪褋屑褍褉薪芯
59,2,袨斜谢邪褔薪芯
60,3,袩邪褋屑褍褉薪芯
61,1,携褋薪芯
62,3,袩邪褋屑褍褉薪芯
63,3,袩邪褋屑褍褉薪芯
64,1,携褋薪芯
65,2,袨斜谢邪褔薪芯
66,3,袩邪褋屑褍褉薪芯
67,3,袩邪褋屑褍褉薪芯
68,3,袩邪褋屑褍褉薪芯
69,3,袩邪褋屑褍褉薪芯
70,1,携褋薪芯
71,2,袨斜谢邪褔薪芯
72,1,携褋薪芯
73,3,袩邪褋屑褍褉薪芯
74,1,携褋薪芯
75,2,袨斜谢邪褔薪芯
76,3,袩邪褋屑褍褉薪芯
77,2,袨斜谢邪褔薪芯
78,2,袨斜谢邪褔薪芯
79,2,袨斜谢邪褔薪芯
80,3,袩邪褋屑褍褉薪芯
81,1,携褋薪芯
82,2,袨斜谢邪褔薪芯
83,1,携褋薪芯
84,1,携褋薪芯
85,3,袩邪褋屑褍褉薪芯
86,1,携褋薪芯
87,1,携褋薪芯
88,3,袩邪褋屑褍褉薪芯
89,2,袨斜谢邪褔薪芯
90,3,袩邪褋屑褍褉薪芯
91,1,携褋薪芯
92,1,携褋薪芯
93,2,袨斜谢邪褔薪芯
94,3,袩邪褋屑褍褉薪芯
95,1,携褋薪芯
